<?xml version="1.0" encoding="UTF-8"?><rss version="2.0"
	xmlns:content="http://purl.org/rss/1.0/modules/content/"
	xmlns:wfw="http://wellformedweb.org/CommentAPI/"
	xmlns:dc="http://purl.org/dc/elements/1.1/"
	xmlns:atom="http://www.w3.org/2005/Atom"
	xmlns:sy="http://purl.org/rss/1.0/modules/syndication/"
	xmlns:slash="http://purl.org/rss/1.0/modules/slash/"
	>

<channel>
	<title>raedaughtry359 &#8211; LEAD &#8211; Learn Educate And Dignify</title>
	<atom:link href="./index.html" rel="self" type="application/rss+xml" />
	<link>./../../../index.html</link>
	<description>Enhance your Islamic Knowledge</description>
	<lastBuildDate>Fri, 03 May 2024 20:25:13 +0000</lastBuildDate>
	<language>en-US</language>
	<sy:updatePeriod>
	hourly	</sy:updatePeriod>
	<sy:updateFrequency>
	1	</sy:updateFrequency>
	<generator>https://wordpress.org/?v=6.5.2</generator>

<image>
	<url>./../../../wp-content/uploads/2019/11/cropped-leadu-favicon-32x32.png</url>
	<title>raedaughtry359 &#8211; LEAD &#8211; Learn Educate And Dignify</title>
	<link>./../../../index.html</link>
	<width>32</width>
	<height>32</height>
</image> 
	<item>
		<title>Selamat Datang di CELINETOTO Permainan Tangkas Online Enteng Menang</title>
		<link>./../../../2024/05/03/selamat-datang-di-celinetoto-permainan-tangkas-online-enteng-menang/index.html</link>
					<comments>./../../../2024/05/03/selamat-datang-di-celinetoto-permainan-tangkas-online-enteng-menang/index.html#respond</comments>
		
		<dc:creator><![CDATA[raedaughtry359]]></dc:creator>
		<pubDate>Fri, 03 May 2024 20:25:13 +0000</pubDate>
				<category><![CDATA[Uncategorized]]></category>
		<guid isPermaLink="false">./../../../2024/05/03/selamat-datang-di-celinetoto-permainan-tangkas-online-enteng-menang/index.html</guid>

					<description><![CDATA[Kami sangat mengerti bahwa kepercayaan player ialah hal utama yang jadi pedoman member dalam pilih Web Judi Online. Sejak 2019 hingga saat ini kami sudah di percaya lebih dari ribuan member untuk main-main seluruh type game online di situs kami. Tanpa ada catatan tidak membayar kemenangan member, tak heran kami menjadi salah satu situs judi [...]]]></description>
										<content:encoded><![CDATA[<p>Kami sangat mengerti bahwa kepercayaan player ialah hal utama yang jadi pedoman member dalam pilih Web Judi Online. Sejak 2019 hingga saat ini kami sudah di percaya lebih dari ribuan member untuk main-main seluruh type game online di situs kami. Tanpa ada catatan tidak membayar kemenangan member, tak heran kami menjadi salah satu situs judi online yang paling cepat berkembang di Indonesia dibandingkan dengan website lain. Dengan bekal kepercayaan member, kami yakin bahwa <a href="https://celinetotoasli.com/">CELINETOTO</a> mampu buat memberikan pelayanan paling baik lagi di thn 2022 serta tumbuh jadi lebih besar supaya dapat melayani seluruhnya masyarakat luas buat main seluruhnya kategori judi online.</p>
<p>CELINETOTO ialah salah satu web slot gacor paling baik dan terpercaya mudah menang,  <a href="https://celinetotoasli.com/">celinetoto</a> daftarkan diri Anda sekarang juga bersama <a href="https://celinetotoasli.com/">CELINETOTO</a> dan raih keuntungan beberapa ratus juta hanya disini. Kami menyediakan deposit bank seperti BCA,MANDIRI,BNI,Dan BRI serta EMONEY. Tidak juga ketinggalan kami sediakan QRIS/DETIK di setiap prosesnya. Maka dari itu web kami jadi tempat paling idola utk Main-main</p>
]]></content:encoded>
					
					<wfw:commentRss>./../../../2024/05/03/selamat-datang-di-celinetoto-permainan-tangkas-online-enteng-menang/feed/index.html</wfw:commentRss>
			<slash:comments>0</slash:comments>
		
		
			</item>
	</channel>
</rss>
