<?xml version="1.0" encoding="UTF-8"?><rss version="2.0"
	xmlns:content="http://purl.org/rss/1.0/modules/content/"
	xmlns:wfw="http://wellformedweb.org/CommentAPI/"
	xmlns:dc="http://purl.org/dc/elements/1.1/"
	xmlns:atom="http://www.w3.org/2005/Atom"
	xmlns:sy="http://purl.org/rss/1.0/modules/syndication/"
	xmlns:slash="http://purl.org/rss/1.0/modules/slash/"
	>

<channel>
	<title>alannah04m &#8211; LEAD &#8211; Learn Educate And Dignify</title>
	<atom:link href="./index.html" rel="self" type="application/rss+xml" />
	<link>./../../../index.html</link>
	<description>Enhance your Islamic Knowledge</description>
	<lastBuildDate>Fri, 03 May 2024 20:32:16 +0000</lastBuildDate>
	<language>en-US</language>
	<sy:updatePeriod>
	hourly	</sy:updatePeriod>
	<sy:updateFrequency>
	1	</sy:updateFrequency>
	<generator>https://wordpress.org/?v=6.5.2</generator>

<image>
	<url>./../../../wp-content/uploads/2019/11/cropped-leadu-favicon-32x32.png</url>
	<title>alannah04m &#8211; LEAD &#8211; Learn Educate And Dignify</title>
	<link>./../../../index.html</link>
	<width>32</width>
	<height>32</height>
</image> 
	<item>
		<title>Selamat Datang di PARSEL4D Permainan Tangkas Online Enteng Menang</title>
		<link>./../../../2024/05/03/selamat-datang-di-parsel4d-permainan-tangkas-online-enteng-menang/index.html</link>
					<comments>./../../../2024/05/03/selamat-datang-di-parsel4d-permainan-tangkas-online-enteng-menang/index.html#respond</comments>
		
		<dc:creator><![CDATA[alannah04m]]></dc:creator>
		<pubDate>Fri, 03 May 2024 20:32:16 +0000</pubDate>
				<category><![CDATA[Uncategorized]]></category>
		<guid isPermaLink="false">./../../../2024/05/03/selamat-datang-di-parsel4d-permainan-tangkas-online-enteng-menang/index.html</guid>

					<description><![CDATA[PARSEL4D merupakan salah satu situs slot gacor paling baik dan terpercaya gampang menang, daftarkan diri Anda sekarang juga bersama PARSEL4D dan raih keuntungan beberapa ratus juta hanya disini. Kami menyediakan deposit bank seperti BCA,MANDIRI,BNI,Dan BRI serta EMONEY. Tidak juga ketinggalan kami sediakan QRIS/DETIK di setiap prosesnya. Maka dari itu website kami jadi tempat paling pujaan [...]]]></description>
										<content:encoded><![CDATA[<p><a href="https://parsel4dsuperman.com/">PARSEL4D</a> merupakan salah satu situs slot gacor paling baik dan terpercaya gampang menang, daftarkan diri Anda sekarang juga bersama PARSEL4D dan raih keuntungan beberapa ratus juta hanya disini. Kami menyediakan deposit bank seperti BCA,MANDIRI,BNI,Dan BRI serta EMONEY. Tidak juga ketinggalan kami sediakan QRIS/DETIK di setiap prosesnya. Maka dari itu website kami jadi tempat paling pujaan utk Main</p>
<p>PARSEL4D adalah situs permainan tangkas paling baik Online yang terpercaya,  <a href="https://parsel4dsuperman.com/">parsel4d</a> dapat anda mainkan di mana saja dan kapanpun. Butuh diketahui bahwa situs <a href="https://parsel4dsuperman.com/">PARSEL4D</a> juga sediakan beraneka ragam macam promo menarik yang dapat anda dapatkan dengan mudah.</p>
<p>Kami sangat mengerti bahwa kepercayaan player merupakan hal utama yang jadi tips member dalam memilih Web Judi Online. Sejak 2019 hingga saat ini kami sudah di percaya lebih dari ribuan member utk bermain semua kategori game online di situs kami. Tanpa ada catatan tidak membayar kemenangan member, tak heran kami menjadi salah satu web judi online yang paling cepat berkembang di Indonesia dibandingkan dengan website lain. Dengan bekal kepercayaan member, kami percaya bahwaPARSEL4D mampu untuk memberikan layanan paling baik lagi di th 2024 serta tumbuh menjadi lebih besar supaya dapat melayani seluruh masyarakat luas buat main seluruh type judi online.</p>
]]></content:encoded>
					
					<wfw:commentRss>./../../../2024/05/03/selamat-datang-di-parsel4d-permainan-tangkas-online-enteng-menang/feed/index.html</wfw:commentRss>
			<slash:comments>0</slash:comments>
		
		
			</item>
	</channel>
</rss>
