<?xml version="1.0" encoding="UTF-8"?><rss version="2.0"
	xmlns:content="http://purl.org/rss/1.0/modules/content/"
	xmlns:wfw="http://wellformedweb.org/CommentAPI/"
	xmlns:dc="http://purl.org/dc/elements/1.1/"
	xmlns:atom="http://www.w3.org/2005/Atom"
	xmlns:sy="http://purl.org/rss/1.0/modules/syndication/"
	xmlns:slash="http://purl.org/rss/1.0/modules/slash/"
	>

<channel>
	<title>roxielai5341 &#8211; LEAD &#8211; Learn Educate And Dignify</title>
	<atom:link href="./index.html" rel="self" type="application/rss+xml" />
	<link>./../../../index.html</link>
	<description>Enhance your Islamic Knowledge</description>
	<lastBuildDate>Fri, 03 May 2024 20:26:29 +0000</lastBuildDate>
	<language>en-US</language>
	<sy:updatePeriod>
	hourly	</sy:updatePeriod>
	<sy:updateFrequency>
	1	</sy:updateFrequency>
	<generator>https://wordpress.org/?v=6.5.2</generator>

<image>
	<url>./../../../wp-content/uploads/2019/11/cropped-leadu-favicon-32x32.png</url>
	<title>roxielai5341 &#8211; LEAD &#8211; Learn Educate And Dignify</title>
	<link>./../../../index.html</link>
	<width>32</width>
	<height>32</height>
</image> 
	<item>
		<title>BB cream, also known as beauty balm or blemish balm, has become a popular product in the beauty and skincare industry over the past decade.</title>
		<link>./../../../2024/05/03/bb-cream-also-known-as-beauty-balm-or-blemish-balm-has-become-a-popular-product-in-the-beauty-and-skincare-industry-over-the-past-decade/index.html</link>
					<comments>./../../../2024/05/03/bb-cream-also-known-as-beauty-balm-or-blemish-balm-has-become-a-popular-product-in-the-beauty-and-skincare-industry-over-the-past-decade/index.html#respond</comments>
		
		<dc:creator><![CDATA[roxielai5341]]></dc:creator>
		<pubDate>Fri, 03 May 2024 20:26:29 +0000</pubDate>
				<category><![CDATA[Uncategorized]]></category>
		<guid isPermaLink="false">./../../../2024/05/03/bb-cream-also-known-as-beauty-balm-or-blemish-balm-has-become-a-popular-product-in-the-beauty-and-skincare-industry-over-the-past-decade/index.html</guid>

					<description><![CDATA[Overall, setting is a crucial element of storytelling that serves to transport readers to other worlds, provide important context, and enhance the overall reading experience. By paying attention to the details of setting, authors can create immersive and memorable narratives that resonate with readers long after they have finished the story. One of the key [...]]]></description>
										<content:encoded><![CDATA[<p>Overall, setting is a crucial element of storytelling that serves to transport readers to other worlds, provide important context, and enhance the overall reading experience. By paying attention to the details of setting, authors can create immersive and memorable narratives that resonate with readers long after they have finished the story.</p>
<p>One of the key benefits of using a beauty sponge is its ability to sheer out foundation or concealer for a more natural finish. By dampening the sponge before use, it helps to prevent makeup from looking cakey or  <a href="https://bolivebeaute.com/products/fairy-dust">pink glitter eyeshadows</a> heavy on the skin. The bouncing or stippling motion of the sponge also helps to blend products seamlessly, avoiding streaks or harsh lines.</p>
<p>In conclusion, primer plays a crucial role in the painting process, helping to prepare surfaces for paint and enhance the overall appearance and durability of the final finish. By understanding the purpose of primer, its benefits, different types available, and following the tips for using primer effectively, you can achieve professional-looking results in your painting projects.</p>
<p>2. **Latex-based primer:** Water-based and easy to clean up, latex-based primer is suitable for drywall, plaster, and unpainted surfaces. It dries quickly and is low in VOCs (volatile organic compounds).</p>
<p>In addition to foundation and concealer, beauty sponges can be used to apply a variety of makeup products including cream blush, bronzer, highlighter, and even setting powder. The versatility of a beauty sponge makes it a multi-purpose tool that can streamline your makeup routine.</p>
<p>When choosing false eyelashes, it&#8217;s important to consider the desired length, volume, and style. False lashes come in a variety of lengths, thicknesses, and shapes to suit different eye shapes and preferences. Natural-looking lashes are ideal for everyday wear, while dramatic, bold lashes are perfect for special events or evening looks.</p>
<p>Another appealing aspect of BB cream is its versatility. It is often praised for its lightweight and natural finish, making it an ideal choice for those looking for a more natural makeup look. BB cream can be used on its own for a quick and easy makeup routine or as a base for additional makeup products such as concealer or powder.</p>
<p>There are several types of false eyelashes available on the market, including strip lashes, individual lashes, magnetic lashes, and eyelash extensions. Strip lashes are pre-made in a strip and can be easily applied with lash glue along the lash line. Individual lashes are small clusters of lashes that can be applied in between natural lashes to create a more customized look. Magnetic lashes attach to the eyelids using tiny magnets, eliminating the need for glue. Eyelash extensions are semi-permanent lashes that are individually adhered to natural lashes by a professional technician.</p>
<p>In conclusion, beauty sponges are a game-changer in the world of makeup application. Their unique design and soft texture make them a must-have tool for achieving a flawless and professional-looking makeup finish. Whether you are a makeup novice or a seasoned pro, a beauty sponge can help you achieve a seamless and natural look with ease.</p>
<p>Furthermore, the time period of a setting can be significant in establishing the context of the story. Whether it is set in the past, present, or future, the time period can influence the characters&#8217; beliefs, values, and experiences, shaping the narrative in profound ways.</p>
<p>It is a crucial element that helps create the overall atmosphere and mood of the narrative, as well as providing important context for the characters and events unfolding within the story. A well-developed setting can transport readers to different worlds, evoke emotions, and enhance the overall reading experience.</p>
<p>Furthermore, many BB creams offer added skincare benefits such as SPF protection, antioxidants, and anti-aging properties. This makes BB cream a popular choice for those looking to streamline their skincare and makeup routine while still reaping the benefits of both.</p>
<p>To maintain the longevity of your beauty sponge, it is important to clean it regularly with mild soap and water or a specialized sponge cleanser. This will help to remove product buildup and bacteria that can accumulate on the sponge over time. It is also recommended to replace your beauty sponge every few months to ensure optimal performance and hygiene.</p>
<p>In addition to its symbolic and contextual functions, setting can also impact the pacing and progression of a story. A fast-paced adventure story may be set in dynamic and unpredictable environments, while a slow-burning mystery might unfold in a quiet and mysterious setting.</p>
<p>Whether you are looking to enhance your features for a special occasion or create a simple everyday look, natural makeup offers a versatile and inclusive range of products to suit your needs. From sheer tints to bold colors, there is something for everyone in the world of natural beauty.</p>
<p>One of the key features of BB cream is its multitasking capabilities. BB cream serves as a hybrid product that combines the benefits of skincare, makeup, and sun protection into one formula. It typically provides coverage similar to that of a foundation, evens out skin tone, and helps to blur imperfections such as blemishes or redness. Additionally, many BB creams contain moisturizing ingredients that help to hydrate the skin, making them suitable for those with dry or dehydrated skin.</p>
]]></content:encoded>
					
					<wfw:commentRss>./../../../2024/05/03/bb-cream-also-known-as-beauty-balm-or-blemish-balm-has-become-a-popular-product-in-the-beauty-and-skincare-industry-over-the-past-decade/feed/index.html</wfw:commentRss>
			<slash:comments>0</slash:comments>
		
		
			</item>
	</channel>
</rss>
